vendor_guid,object_type,title,description,display_name,calculation_method,calculation_int,parent_guids,workflow_state,mastery_points,ratings,,,,,,,,,
FerrisCOLL1,outcome,COL1 Individual Contribution,Collaboration – COL1 Individual Contribution – Students completes all assigned tasks by their deadlines in a thorough and comprehensive manner that advances the overall project aims. ,COLL1,highest,,FerrisCOLL,active,3,4,"Advanced: Completes all assigned tasks by deadline; work accomplished is thorough, comprehensive, and advances the project. Proactively helps other team members complete their assigned tasks to a similar level of excellence.",3,"Proficient: Completes all assigned tasks by deadline; work accomplished is thorough, comprehensive, and advances the project.",2,Progressing: Completes all assigned tasks by deadline; work accomplished advances the project.,1,Beginning: Completes all assigned tasks by deadline.,0,Unsatisfactory: Impedes the project by failing to complete assigned tasks by deadline.
FerrisCOLL2,outcome,COL2 Facilitate Others,Collaboration – COL2 Facilitate Others – Students engages team members in ways that facilitate their contributions to meetings by both constructively building upon or synthesizing the contributions of others as well as noticing when someone is not participating and inviting them to engage.,COLL2,highest,,FerrisCOLL,active,3,4,Advanced: Engages team members in ways that facilitate their contributions to meetings by both constructively building upon or synthesizing the contributions of others as well as noticing when someone is not participating and inviting them to engage.,3,Proficient: Engages team members in ways that facilitate their contributions to meetings by constructively building upon or synthesizing the contributions of others.,2,Progressing: Engages team members in ways that facilitate their contributions to meetings by restating the views of other team members and/or asking questions for clarification.,1,Beginning: Engages team members by taking turns and listening to others without interrupting.,0,Unsatisfactory: Does not productively engage with other team members.
FerrisCOLL3,outcome,COL3 Foster Team Environment,"Collaboration – COL3 Foster Team Environment – Students support a constructive team environment through appropriate communication, positive vocal and written tone and body language. ",COLL3,highest,,FerrisCOLL,active,3,4,Advanced: of the following activities: 1) Treats team members respectfully by being polite and constructive in communication. 2) Uses positive vocal or written tone and/or body language to convey a positive attitude about the team and its work. 3) Motivates teammates by expressing confidence about the importance of the task and the team's ability to accomplish it. 4) Provides assistance and/or encouragement to team members.,3,Proficient: Supports a constructive team climate by doing any three of the activities enumerated above.,2,Progressing: Adds to a constructive team climate by doing any two of the activities enumerated above.,1,Beginning: Participates in a constructive team climate by doing any one of the activities enumerated above.,0,Unsatisfactory: Does not contribute in a way that fosters a constructive team climate.
FerrisCOLL4,outcome,COL4 Conflict Resolution,"Collaboration – COL4 Conflict Resolution – Students address conflict directly and constructively, helping to manage/resolve it in a way that strengthens overall team cohesiveness and future effectiveness. ",COLL4,highest,,FerrisCOLL,active,3,4,"Advanced: Addresses destructive conflict directly and constructively, helping to manage/resolve it in a way that strengthens overall team cohesiveness and future effectiveness.",3,Proficient: Identifies and acknowledges conflict and stays engaged with it.,2,"Progressing: Redirecting focus toward common ground, toward task at hand (away from conflict).",1,Beginning: Passively accepts alternate viewpoints/ideas/opinions.,0,Unsatisfactory: Does not help to manage or resolve conflict within the group.
FerrisCOMS1,outcome,COM1 Communication Strategies,"Communication – COM1 Communication Strategies – Students apply a variety of communication strategies to effectively adapt their writing, oral, and non-verbal communication to meet the needs of diverse audiences and situations. ",COMS1,highest,,FerrisCOMS,active,3,4,"Advanced: continually adapt the content, structure, language, illustrations, non-verbal cues, style, visual elements, and tone of voice to the expectations, assumptions, and demographics of targeted audiences",3,"Proficient: illustrations, non-verbal cues, style, visual elements, and tone of voice to the expectations, assumptions, and demographics of targeted audiences",2,"Progressing: Considers the expectations, assumptions, and demographics of targeted audiences when making choices of content, structure, language, illustrations, non-verbal cues, style, visual elements, or tone of voice",1,"Beginning: Attempts to establish common ground with an audience through choices of content, structure, language, illustrations, non-verbal cues, style, visual elements, or tone of voice",0,"Unsatisfactory: Does not consider audience when making choices of  content, structure, language, illustrations, non-  verbal cues, style, visual elements, or tone of voice.  Core Competency Scoring Rubric Ferris State University       Level                                                 Description  Engages team members in ways that facilitate their contributions to meetings by both constructively building upon or synthesizing the contributions of others as well as noticing when someone is not participating and inviting them to engage.     Engages team members in ways that facilitate their contributions to meetings by constructively building upon or synthesizing the contributions of others.      Engages team members in ways that facilitate their contributions to meetings by restating the views of other team members and/or asking questions for clarification.     Engages team members by taking turns and listening to others without interrupting.      Does not productively engage with other team members.  Core Competency Scoring Rubric Ferris State University      Level                                                  Description Creates a constructive team climate by performing all  of the following activities: 1) Treats team members respectfully by being polite and constructive in communication. 2) Uses positive vocal or written tone and/or body language to convey a positive attitude about the team and its work. 3) Motivates teammates by expressing confidence about the importance of the task and the team's ability to accomplish it. 4) Provides assistance and/or encouragement to team members.   Supports a constructive team climate by doing any three of the activities enumerated above.       Adds to a constructive team climate by doing any two of the activities enumerated above.       Participates in a constructive team climate by doing any one of the activities enumerated above.     Does not contribute in a way that fosters a constructive team climate.   Core Competency Scoring Rubric Ferris State University      Level                                                 Description  Addresses destructive conflict directly and constructively, helping to manage/resolve it in a way that strengthens overall team cohesiveness and future effectiveness.     Identifies and acknowledges conflict and stays engaged with it.        Redirecting focus toward common ground, toward task at hand (away from conflict).       Passively accepts alternate viewpoints/ideas/opinions.      Does not help to manage or resolve conflict within the group."
FerrisCOMS2,outcome,COMS2 Use of Information,"Communication – COMS2 Use of Information – Students will collect, assess, synthesize, and organize information or data and integrate that material into written, oral, or non-verbal communication that makes the appropriate contribution to a situation or discussion.",COMS2,highest,,FerrisCOMS,active,3,4,"Advanced: strategies applied to the most appropriate information sources and databases. Evaluation of information: Demonstrates critical selective discernment of seminal, precedential, or influential sources relevant to a specific purpose and audience. Integration of Material: Skillfully organizes, synthesizes, and contextualizes evidence. Consistently distinguishes between own ideas and ideas of others. Seamlessly knits together paraphrase, summary, or quotes that are appropriate to context and true to the intentions of the original discourses. Ethical and Legal Use of Information: Correct and contextual use of citations and references. Demonstrates a full understanding of the ethical and legal restrictions on the use of published, confidential, and/or proprietary information, including Fair Use Laws.",3,"Proficient: recognizing differences between primary, secondary and tertiary sources. Evaluation of information: Demonstrates critical selective discernment with choosing timely, credible sources relevant to a specific purpose and audience. Integration of Material: Organizes, synthesizes, and contextualizes evidence appropriately for communication goals. Distinguishes between own ideas and ideas of others. Chooses paraphrasing, summary, or quoting appropriate to context and true to the intentions of the original discourses. Ethical and Legal Use of Information: Correctly uses citations and references according to a format appropriate to the discipline. Demonstrates understanding of the ethical and legal restrictions on the use of published, confidential, and/or proprietary information, including Fair Use Laws. Distinguishes between common knowledge and ideas requiring attribution.",2,"Progressing: create a system for organizing the information Evaluation of information: Uses credible sources which demonstrate more than one viewpoint. Integration of Material: Employs evidence to support claim(s) and argument(s). Presents some evidence with context. Distinction between own ideas and ideas of others is usually clear. Chooses paraphrasing, summary, or quoting appropriate to the context. Ethical and Legal Use of Information: Avoids plagiarism through use of citations and documentation according to at least one format. Distinguishes between common knowledge and ideas requiring attribution.",1,"Beginning: information from limited and similar sources. Can select appropriate information technologies to gather information. Evaluation of information: Uses some appropriate sources, but chooses others which are not suitable for academic work. Integration of Material: Sporadically uses evidence to support claim(s) or argument(s). Little use of context. Intermittent distinction between own ideas and ideas of others. Ethical and Legal Use of Information: Avoids plagiarism through use of citations and documentation according to at least one format. Quotes correctly, although makes mistakes in paraphrase or summary. Distinguishes between common knowledge and ideas requiring attribution.",0,"Unsatisfactory: select appropriate information technologies to gather information retrieves information that lacks relevance and quality Evaluation of information: Inappropriate use of sources Integration of Material: Inadequate use of evidence to support claim(s) or argument(s). Little use of context. Intermittent distinction between own ideas and ideas of others. Integration of Material: Claim(s) or argument(s) lack necessary evidence. Does not contextualize quotes and evidence. Does not distinguish between own ideas and ideas of others. Ethical and Legal Use of Information: Does not use citations and documentation to avoid plagiarism. Inconsistently paraphrases, summarizes, or quotes. Is not always able to distinguish between common knowledge and ideas requiring attribution."
FerrisCOMS3,outcome,COMS3 Message Clarity,Communication – COMS3 Message Clarity – Students will use language effectively in their writing and speaking with varied sentence structure and word choice appropriate to audience and situation ,COMS3,highest,,FerrisCOMS,active,3,4,"Advanced: Demonstrates creative or innovative uses of verbal &  nonverbal choices, varying grammatical structure,  and choosing content focus(es) appropriate for the  type of oral communication situation, and the  audience member(s).",3,"Proficient: Demonstrates decisive ability to make verbal & nonverbal choices, to vary grammatical structure, and to choose content focus(es)  appropriate for the type of oral communication  situation, and the audience member(s).",2,"Progressing: Demonstrates basic ability to make verbal & nonverbal choices, to vary grammatical structure, and to choose content focus(es) appropriate for the type of oral communication situation, and the audience member(s)",1,"Beginning: Demonstrates some ability to make verbal & nonverbal choices, to vary grammatical structure, and to choose content focus(es) appropriate for the type of oral communication situation, and the audience member(s)",0,"Unsatisfactory: choices, vary grammatical structure, and choose content focus(es) appropriate for the type of oral communication situation, and the audience member(s)."
FerrisCOMS4,outcome,COMS4 Relationship with others– Students will apply effective communication behaviors to develop relationships and to promote listening and discussion, Communication – COMS4 Relationship with others– Students will apply effective communication behaviors to develop relationships and to promote listening and discussion,COMS4,highest,,FerrisCOMS,active,3,4,"Advanced: Attending/ Active listening: Communicates empathy and compassion Whole messages (assertive). Utilizes messages that can be restated by the audience in the clarity and completeness of the original message Probing, persuasion: Asks focused, incisive questions and methodically persuading the audience",3,"Proficient: Attending/ Active listening: Demonstrates varied attending behaviors and paraphrasing, reflecting feelings, and probing Whole messages (assertive). Utilizes high fidelity messages that are clearly understood by the audience. Probing, persuasion: Asks questions and persuading the audience with whole messages",2,"Progressing: Attending/ Active listening: Demonstrates intentional nonverbal attending and active listening Whole messages (assertive). Utilizes messages with a clear topic and sufficient explanation and examples for understanding of the topic Probing, persuasion: Asking questions and seeking to change the perceptions or actions of an audience",1,"Beginning: Attending/ Active listening: Demonstrates paying attention and offering advice Whole messages (assertive). Utilizes messages that the audience knows the topic and lacks the details to understand it fully Probing, persuasion: Willing to ask questions or to seek to change the perceptions or actions of an audience   Level                                            Description",0,"Unsatisfactory: perspective Attending/ Active listening: No attending or active listening Whole messages (assertive): Utilizes messages that are unclear or incomplete for the audience Probing, persuasion: Unable or unwilling to ask questions or to seek to change the perceptions or actions of an audience"
FerrisCOMW1,outcome,COM1 Communication Strategies,"Communication – COM1 Communication Strategies – Students apply a variety of communication strategies to effectively adapt their writing, oral, and non-verbal communication to meet the needs of diverse audiences and situations. ",COMW1,highest,,FerrisCOMW,active,3,4,"Advanced: continually adapt the content, structure, language, illustrations, non-verbal cues, style, visual elements, and tone of voice to the expectations, assumptions, and demographics of targeted audiences",3,"Proficient: illustrations, non-verbal cues, style, visual elements, and tone of voice to the expectations, assumptions, and demographics of targeted audiences",2,"Progressing: Considers the expectations, assumptions, and demographics of targeted audiences when making choices of content, structure, language, illustrations, non-verbal cues, style, visual elements, or tone of voice",1,"Beginning: Attempts to establish common ground with an audience through choices of content, structure, language, illustrations, non-verbal cues, style, visual elements, or tone of voice",0,"Unsatisfactory: Does not consider audience when making choices of  content, structure, language, illustrations, non-  verbal cues, style, visual elements, or tone of voice.  Core Competency Scoring Rubric Ferris State University       Level                                                 Description  Engages team members in ways that facilitate their contributions to meetings by both constructively building upon or synthesizing the contributions of others as well as noticing when someone is not participating and inviting them to engage.     Engages team members in ways that facilitate their contributions to meetings by constructively building upon or synthesizing the contributions of others.      Engages team members in ways that facilitate their contributions to meetings by restating the views of other team members and/or asking questions for clarification.     Engages team members by taking turns and listening to others without interrupting.      Does not productively engage with other team members.  Core Competency Scoring Rubric Ferris State University      Level                                                  Description Creates a constructive team climate by performing all  of the following activities: 1) Treats team members respectfully by being polite and constructive in communication. 2) Uses positive vocal or written tone and/or body language to convey a positive attitude about the team and its work. 3) Motivates teammates by expressing confidence about the importance of the task and the team's ability to accomplish it. 4) Provides assistance and/or encouragement to team members.   Supports a constructive team climate by doing any three of the activities enumerated above.       Adds to a constructive team climate by doing any two of the activities enumerated above.       Participates in a constructive team climate by doing any one of the activities enumerated above.     Does not contribute in a way that fosters a constructive team climate.   Core Competency Scoring Rubric Ferris State University      Level                                                 Description  Addresses destructive conflict directly and constructively, helping to manage/resolve it in a way that strengthens overall team cohesiveness and future effectiveness.     Identifies and acknowledges conflict and stays engaged with it.        Redirecting focus toward common ground, toward task at hand (away from conflict).       Passively accepts alternate viewpoints/ideas/opinions.      Does not help to manage or resolve conflict within the group."
FerrisCOMW2,outcome,COMW2 Use of Information,"Communication – COMW2 Use of Information – Students will collect, assess, synthesize, and organize information or data and integrate that material into written, oral, or non-verbal communication that makes the appropriate contribution to a situation or discussion.",COMW2,highest,,FerrisCOMW,active,3,4,"Advanced: strategies applied to the most appropriate information sources and databases. Evaluation of information: Demonstrates critical selective discernment of seminal, precedential, or influential sources relevant to a specific purpose and audience. Integration of Material: Skillfully organizes, synthesizes, and contextualizes evidence. Consistently distinguishes between own ideas and ideas of others. Seamlessly knits together paraphrase, summary, or quotes that are appropriate to context and true to the intentions of the original discourses. Ethical and Legal Use of Information: Correct and contextual use of citations and references. Demonstrates a full understanding of the ethical and legal restrictions on the use of published, confidential, and/or proprietary information, including Fair Use Laws.",3,"Proficient: recognizing differences between primary, secondary and tertiary sources. Evaluation of information: Demonstrates critical selective discernment with choosing timely, credible sources relevant to a specific purpose and audience. Integration of Material: Organizes, synthesizes, and contextualizes evidence appropriately for communication goals. Distinguishes between own ideas and ideas of others. Chooses paraphrasing, summary, or quoting appropriate to context and true to the intentions of the original discourses. Ethical and Legal Use of Information: Correctly uses citations and references according to a format appropriate to the discipline. Demonstrates understanding of the ethical and legal restrictions on the use of published, confidential, and/or proprietary information, including Fair Use Laws. Distinguishes between common knowledge and ideas requiring attribution.",2,"Progressing: create a system for organizing the information Evaluation of information: Uses credible sources which demonstrate more than one viewpoint. Integration of Material: Employs evidence to support claim(s) and argument(s). Presents some evidence with context. Distinction between own ideas and ideas of others is usually clear. Chooses paraphrasing, summary, or quoting appropriate to the context. Ethical and Legal Use of Information: Avoids plagiarism through use of citations and documentation according to at least one format. Distinguishes between common knowledge and ideas requiring attribution.",1,"Beginning: information from limited and similar sources. Can select appropriate information technologies to gather information. Evaluation of information: Uses some appropriate sources, but chooses others which are not suitable for academic work. Integration of Material: Sporadically uses evidence to support claim(s) or argument(s). Little use of context. Intermittent distinction between own ideas and ideas of others. Ethical and Legal Use of Information: Avoids plagiarism through use of citations and documentation according to at least one format. Quotes correctly, although makes mistakes in paraphrase or summary. Distinguishes between common knowledge and ideas requiring attribution.",0,"Unsatisfactory: select appropriate information technologies to gather information retrieves information that lacks relevance and quality Evaluation of information: Inappropriate use of sources Integration of Material: Inadequate use of evidence to support claim(s) or argument(s). Little use of context. Intermittent distinction between own ideas and ideas of others. Integration of Material: Claim(s) or argument(s) lack necessary evidence. Does not contextualize quotes and evidence. Does not distinguish between own ideas and ideas of others. Ethical and Legal Use of Information: Does not use citations and documentation to avoid plagiarism. Inconsistently paraphrases, summarizes, or quotes. Is not always able to distinguish between common knowledge and ideas requiring attribution."
FerrisCOMW3,outcome,COMW3 Message Clarity,Communication – COMW3 Message Clarity – Students will use language effectively in their writing and speaking with varied sentence structure and word choice appropriate to audience and situation ,COMW3,highest,,FerrisCOMW,active,3,4,"Advanced: Demonstrates creative or innovative uses of language,  including word choice and masterful style-based  crafting of sentence structure to create engaging texts  for specific discourse communities.",3,"Proficient: Demonstrates appropriate use of voice, tone, and  language conventions of professional discourse  communities and multiple media",2,"Progressing: Demonstrates effective control of voice, tone, and  language conventions appropriate for academic  audiences and multiple media.",1,"Beginning: Able to edit writing for conventional use of Edited American English*. Chooses tone and language appropriate for needs of more than one particular audience(s),",0,Unsatisfactory: Grammatical and mechanical errors impede readability of text.
FerrisCOMW4,outcome,COMW4 Document Design,Communication – COMW4 Document Design – Students will employ the tools of effective document design and visual rhetoric to produce professional texts or multimedia products ,COMW4,highest,,FerrisCOMW,active,3,4,"Advanced: and is targeted towards a specific audience. The overall display is eye- catching and shows creative design,yet retains substance and ethical representation. Titles, subheadings, and text are displayed in sizes that reflect the content hierarchy, style format, and expectations of the specific audience. Font styles are appropriate for the content and target audience. All images, figures, or tables are displayed with appropriate sizing and resolution. All color, symbolism, legends, arrangement, and text are relevant to the question that the data visualization seeks to answer and conveys information to the viewer. Appropriate graphic variable types are used and are well suited for the type and scale of the data they represent. All multimedia elements work well together and demonstrate excellent synthesis.",3,"Proficient: The overall display is interesting and accessible. Most of the titles, subheadings, and text are displayed in sizes that reflect the content hierarchy and follows style format when appropriate. A variety of font styles are utilized to enhance the design. Most images, figures, or tables are displayed with appropriate sizing and resolution and are appropriate for the content and target audience. Standard graphic variable types are used. Most color, symbolism, legend, arrangement, and text are relevant to the question that the data visualization seeks to answer Multimedia elements are appropriate and enhance the presentation.",2,"Progressing: but doesn't address a specific target audience. The overall display is neat and clear. Titles, subheadings, and text are not distinctive or do not follow formats. Some inconsistencies in font styles exists. Most of the images, figures, or tables are appropriate, but not all are displayed with appropriate sizing and resolution. Standard graphic variable types are used; however, some may not be appropriate to data. Some color choice, symbolism, legend, or text is irrelevant, missing or confusing. one or two digitized audio and video artifacts are incorporated. Selection of media elements are adequate Level",1,"Beginning: Description Layout follows a consistent pattern but does not reflect the purpose of the content and/or address the needs of the target audience. The overall display is confusing. Titles, subheadings, and text are displayed in various sizes that are inconsistent with the content hierarchy. Font styles are used inappropriately or without apparent reason. Some images, figures, or tables are inappropriate for the content or provide no useful data. Inappropriate or no audio and video artifacts, where some might be necessary or helpful to the reader. Immature selection of graphics, fonts, sound and video.",0,"Unsatisfactory: nor address the needs of the target audience. Titles and subheadings are nonexistent or difficult to distinguish. Numerous or inappropriate font styles are utilized without apparent reason. None of the graphic variable types used are suited for the type and scale of the data they represent. Data visualization is overwhelmed by symbolism, text, and color that are irrelevant to the question the visualization seeks to answer."
FerrisCULT1,outcome,CUL1 Interpretation,"Culture – CUL1 Interpretation – students will be able to demonstrate an ability to interpret cultural works and practices, including but not limited to art, music, theater, literature, language, history, philosophy and religion, as part of a broader culture, and justify those interpretations with an understanding of the interpretive process.",CULT1,highest,,FerrisCULT,active,3,4,Advanced: Demonstrates a sophisticated and multi-layered  ability to interpret cultural works and practices as  part of a broader culture.,3,Proficient: Demonstrates an advanced ability to interpret  cultural works and practices as part of a  broader culture.,2,Progressing: Demonstrates a basic ability to interpret cultural works and practices as part of a broader culture.,1,Beginning: Demonstrates a partial ability to interpret cultural works and practices as part of a broader culture.,0,Unsatisfactory: Demonstrates little ability to interpret cultural  works and practices as part of a broader culture.
FerrisCULT2,outcome,CUL2 Self-Awareness,Culture – CUL2 Self-Awareness – students will be able to articulate an understanding of themselves as part of culture(s) with rich historical perspectives through the study of works of culture. ,CULT2,highest,,FerrisCULT,active,3,4,Advanced: Demonstrates a sophisticated and multi-layered  ability to articulate an understanding of  themselves as part of culture(s) with rich  historical perspectives through the study of  works of culture.,3,Proficient: Demonstrates an advanced ability to articulate an understanding of themselves as part of culture(s) with rich historical perspectives through the study of works of culture.,2,Progressing: Demonstrates a basic ability to articulate an understanding of themselves as part of culture(s) with rich historical perspectives through the study of works of culture.,1,Beginning: Demonstrates a partial ability to articulate an  understanding of themselves as part of culture(s) with rich historical perspectives through the study of works of culture.,0,Unsatisfactory: Demonstrates little ability to articulate an understanding of themselves as part of culture(s) with rich historical perspectives through the study of works of culture.
FerrisCULT3,outcome,CUL3 Analysis,"Culture – CUL3 Analysis – students will be able to develop, justify and improve value distinctions (including aesthetic and ethical) in perception, craft, and life choices. ",CULT3,highest,,FerrisCULT,active,3,4,"Advanced: Demonstrates a sophisticated and multi-layered ability to justify and improve value distinctions (including aesthetic and ethical) in perception, craft, and life choices.",3,"Proficient: Demonstrates an advanced ability to justify and improve value distinctions (including aesthetic and ethical) in perception, craft, and life choices.",2,"Progressing: Demonstrates a basic ability to justify and improve value distinctions (including aesthetic and ethical) in perception, craft, and life choices.",1,"Beginning: Demonstrates a partial ability to justify and improve value distinctions (including aesthetic and ethical) in perception, craft, and life choices.",0,"Unsatisfactory: Demonstrates little ability to justify and improve value distinctions (including aesthetic and ethical) in perception, craft, and life choices."
FerrisCULT4,outcome,"CUL4 Process-Awareness, Participation","Culture – CUL4 Process-Awareness, Participation – students will be able to explain the processes, contexts, and motivations behind the production of cultural works and practices, and when appropriate, participate in their creation.",CULT4,highest,,FerrisCULT,active,3,4,"Advanced: Demonstrates a sophisticated and multi-layered  ability to explain the processes, contexts, and  motivations behind the production of cultural  works and practices, and when appropriate,  participate in their creation.",3,"Proficient: Demonstrates an advanced ability to explain the processes, contexts, and motivations behind the production of cultural works and practices, and when appropriate, participate in their creation.",2,"Progressing: Demonstrates a basic ability to explain the  processes, contexts, and motivations behind the  production of cultural works and practices, and  when appropriate, participate in their creation.",1,"Beginning: Demonstrates a partial ability to explain the processes, contexts, and motivations behind the production of cultural works and practices, and  when appropriate, participate in their creation.",0,"Unsatisfactory: processes, contexts, and motivations behind the production of cultural works and practices, and when appropriate, participate in their creation."
FerrisDIVG1,outcome,DIVG1 Identify issues,"Diversity (Global) – DIVG1 Identify issues – Students will articulate knowledge and understanding of local, regional, national, and global issues and the interconnectedness and interdependency of human populations. ",DIVG1,highest,,FerrisDIVG,active,3,4,"Advanced: Demonstrate a sophisticated and multi-layered ability  to identify local, regional, national and global diversity  issues along with the interconnectedness and  interdependency of human populations.",3,"Proficient: Demonstrate an advanced ability to identify local, regional, national and global diversity issues along with the interconnectedness and interdependency of human populations.",2,"Progressing: Demonstrate a basic ability to identify local, regional, national and global diversity issues along with the interconnectedness and interdependency of human populations.",1,"Beginning: Demonstrate a partial ability to identify local, regional,  national and global diversity issues along with the  interconnectedness and interdependency of human  populations.",0,"Unsatisfactory: Demonstrates little ability to identify local, regional,  national and global diversity issues along with the  interconnectedness and interdependency of human  populations."
FerrisDIVG2,outcome,DIVG2 Change,Diversity (Global) – DIVG2 Change – Students will explain examples of how local to global cultures and societies change through convergence and/or divergence. ,DIVG2,highest,,FerrisDIVG,active,3,4,Advanced: Demonstrate a sophisticated and multi-layered ability to explain examples of how local to global cultures and societies change through convergence and/or divergence.,3,Proficient: Demonstrate an advanced ability to explain examples of how local to global cultures and societies change through convergence and/or divergence.,2,Progressing: Demonstrate a basic ability to explain examples of  how local to global cultures and societies change through convergence and/or divergence.,1,Beginning: Demonstrate a partial ability to explain examples of how local to global cultures and societies change through convergence and/or divergence.,0,Unsatisfactory: Demonstrates little ability to explain examples of how local to global cultures and societies change through convergence and/or divergence.
FerrisDIVG3,outcome,DIVG3 Apply theories,"Diversity (Global) – DIVG3 Apply theories – Students will apply a theory and/or method to analyze geographic, economic, cultural, linguistic, and/or historical contexts of a country or region outside the United States. ",DIVG3,highest,,FerrisDIVG,active,3,4,"Advanced: Demonstrate a sophisticated and multi-layered ability to apply a theory and/or method to analyze geographic, economic, cultural, linguistic, and/or historical contexts of a country or region outside the United States.",3,"Proficient: Demonstrate an advanced ability to apply a theory and/or method to analyze geographic, economic, cultural, linguistic, and/or historical contexts of a country or region outside the United States.",2,"Progressing: Demonstrate a basic ability to apply a theory and/or  method to analyze geographic, economic, cultural, linguistic, and/or historical contexts of a country or region outside the United States.",1,"Beginning: Demonstrate a partial ability to apply a theory and/or method to analyze geographic, economic, cultural, linguistic, and/or historical contexts of a country or region outside the United States.",0,"Unsatisfactory: Demonstrates little ability to apply a theory  and/or method to analyze geographic, economic,  cultural, linguistic, and/or historical contexts of  a country or region outside the United States."
FerrisDIVG4,outcome,DIVG4 Synthesize values,"Diversity (Global) – DIVG4 Synthesize values – Students will synthesize a spectrum of beliefs, values, and attitudes from across the globe and situate their own views within the context of these cultural systems. ",DIVG4,highest,,FerrisDIVG,active,3,4,"Advanced: Demonstrate a sophisticated and multi-layered ability to synthesize a spectrum of beliefs, values, and attitudes from across the globe and situate their own views within the context of these cultural systems.",3,"Proficient: Demonstrate an advanced ability to synthesize a spectrum of beliefs, values, and attitudes from across the globe and situate their own views within the context of these cultural systems.",2,"Progressing: Demonstrate a basic ability to synthesize a spectrum  of beliefs, values, and attitudes from across the globe and situate their own views within the context of these cultural systems.",1,"Beginning: Demonstrate a partial ability to synthesize a spectrum of beliefs, values, and attitudes from across the globe and situate their own views within the context of these cultural systems.",0,"Unsatisfactory: Demonstrates little ability to synthesize a spectrum  of beliefs, values, and attitudes from across the globe  and situate their own views within the context of  these cultural systems."
FerrisDIVU1,outcome,DIVU1 Identify issues,"Diversity (Understanding Race, Ethnicity, and Gender) – DIVU1 Identify issues – Students will articulate knowledge of the concepts of race, ethnicity, and/or gender and their impact and relevance in social issues. ",DIVU1,highest,,FerrisDIVU,active,3,4,"Advanced: Demonstrate a sophisticated and multi-layered ability  to articulate knowledge of the concepts of race,  ethnicity, and/or gender and their impact and  relevance in social issues.",3,"Proficient: Demonstrate an advanced ability to articulate knowledge of the concepts of race, ethnicity, and/or gender and their impact and relevance in social issues.",2,"Progressing: Demonstrate a basic ability to articulate knowledge of the concepts of race, ethnicity, and/or gender and their impact and relevance in social issues.",1,"Beginning: Demonstrate a partial ability to articulate knowledge  of the concepts of race, ethnicity, and/or gender and  their impact and relevance in social issues.",0,"Unsatisfactory: Demonstrates little ability to articulate knowledge  of the concepts of race, ethnicity, and/or gender  and their impact and relevance in social issues."
FerrisDIVU2,outcome,DIVU2 Analyze constructs,"Diversity (Understanding Race, Ethnicity, and Gender) – DIVU2 Analyze constructs – Students will explain ways in which race, ethnicity, and/or gender are culturally and socially constructed. ",DIVU2,highest,,FerrisDIVU,active,3,4,"Advanced: Demonstrate a sophisticated and multi-layered ability to explain ways in which race, ethnicity, and/ or gender are culturally and socially constructed.",3,"Proficient: Demonstrate an advanced ability to explain ways in which race, ethnicity, and/or gender are culturally and socially constructed.",2,"Progressing: Demonstrate a basic ability to explain ways in  which race, ethnicity, and/or gender are culturally  and socially constructed.",1,"Beginning: Demonstrate a partial ability to explain ways in which race, ethnicity, and/or gender are culturally and socially constructed.",0,"Unsatisfactory: Demonstrates little ability to explain ways in which race, ethnicity, and/or gender are culturally and socially constructed."
FerrisDIVU3,outcome,DIVU3 Apply theories,"Diversity (Understanding Race, Ethnicity, and Gender) – DIVU3 Apply theories – Students will apply a theory and/or method to analyze how the concepts of race, ethnicity, and/or gender can be expressed through identity, stereotypes, prejudice, discrimination, and privilege. ",DIVU3,highest,,FerrisDIVU,active,3,4,"Advanced: Demonstrate a sophisticated and multi-layered ability to apply a theory and/or method to analyze how the concepts of race, ethnicity, and/or gender can be expressed through identity, stereotypes, prejudice, discrimination, and privilege.",3,"Proficient: theory and/or method to analyze how the concepts of race, ethnicity, and/or gender can  be expressed through identity, stereotypes,  prejudice, discrimination, and privilege.",2,"Progressing: Demonstrate a basic ability to apply a theory and/or  method to analyze how the concepts of race, ethnicity, and/or gender can be expressed through identity, stereotypes, prejudice, discrimination, and privilege.",1,"Beginning: Demonstrate a partial ability to apply a theory and/or method to analyze how the concepts of race, ethnicity, and/or gender can be expressed through identity, stereotypes, prejudice, discrimination, and privilege.",0,"Unsatisfactory: method to analyze how the concepts of race, ethnicity, and/or gender can be expressed through identity, stereotypes, prejudice, discrimination, and privilege."
FerrisDIVU4,outcome,DIVU4 Evaluate issues,"Diversity (Understanding Race, Ethnicity, and Gender) – DIVU4 Evaluate issues – Students will evaluate complex issues surrounding race, ethnicity, and/or gender in the context of their own beliefs, values, and attributes. ",DIVU4,highest,,FerrisDIVU,active,3,4,"Advanced: Demonstrate a sophisticated and multi-layered  ability to evaluate complex issues surrounding race,  ethnicity, and/or gender in the context of their own  beliefs, values, and attributes.",3,"Proficient: Demonstrate an advanced ability to evaluate complex issues surrounding race, ethnicity, and/ or gender in the context of their own beliefs, values, and attributes.",2,"Progressing: Demonstrate a basic ability to evaluate complex issues  surrounding race, ethnicity, and/or gender in the context of their own beliefs, values, and attributes.",1,"Beginning: Demonstrate a partial ability to evaluate complex issues surrounding race, ethnicity, and/or gender in the context of their own beliefs, values, and attributes.",0,"Unsatisfactory: Demonstrates little ability to evaluate complex  issues surrounding race, ethnicity, and/or gender  in the context of their own beliefs, values, and  attributes."
FerrisNSCI1,outcome,SCI1 Utilize concepts,"Natural Sciences – SCI1 Utilize concepts – Students correctly apply, analyze, or evaluate information using discipline-specific facts and concepts. ",NSCI1,highest,,FerrisNSCI,active,3,4,"Advanced: Students correctly analyze, apply, and/or evaluate all, or nearly all, of the discipline-specific concepts measured.",3,"Proficient: Students correctly analyze, apply, and/or evaluate most of the discipline-specific concepts measured.",2,"Progressing: Students correctly analyze, apply, and/or evaluate some of the discipline-specific concepts measured.",1,"Beginning: Students correctly analyze, apply, and/or evaluate very few of the discipline-specific concepts measured.",0,"Unsatisfactory: Students do not analyze, apply, and/or evaluate the discipline-specific concepts measured."
FerrisNSCI2,outcome,SCI2 Design experiments,"Natural Sciences – SCI2 Design experiments – Given a problem, students formulate a potential solution or hypothesis and design a valid experiment to test it. ",NSCI2,highest,,FerrisNSCI,active,3,4,Advanced: Students use scientific literature to evaluate a contemporary issue. A compelling argument is made for a specific viewpoint while still considering the issue from multiple perspectives.,3,Proficient: Students use credible sources to evaluate a contemporary issue. A strong argument is made for a specific viewpoint while still considering the issue from multiple perspectives.,2,Progressing: Students use several sources to evaluate a contemporary issue. An argument is made for a specific viewpoint but the students do not consider the issue from multiple perspectives.,1,Beginning: Students use little evidence to evaluate a contemporary issue. A flawed argument is made for a specific viewpoint and the students do not consider the issue from multiple perspectives.,0,Unsatisfactory: Students fail to evaluate a contemporary issue. No argument is made for a specific viewpoint and the students do not consider the issue from multiple perspectives.
FerrisNSCI3,outcome,SCI3 Analyze issues,Natural Sciences – SCI3 Analyze issues – Students use scientific concepts and principles to critically analyze historical or contemporary issues or policies. ,NSCI3,highest,,FerrisNSCI,active,3,4,Advanced: Students use scientific literature to evaluate a contemporary issue. A compelling argument is made for a specific viewpoint while still considering the issue from multiple perspectives.,3,Proficient: Students use credible sources to evaluate a contemporary issue. A strong argument is made for a specific viewpoint while still considering the issue from multiple perspectives.,2,Progressing: Students use several sources to evaluate a contemporary issue. An argument is made for a specific viewpoint but the students do not consider the issue from multiple perspectives.,1,Beginning: Students use little evidence to evaluate a contemporary issue. A flawed argument is made for a specific viewpoint and the students do not consider the issue from multiple perspectives.,0,Unsatisfactory: Students fail to evaluate a contemporary issue. No argument is made for a specific viewpoint and the students do not consider the issue from multiple perspectives.
FerrisNSCI4,outcome,SCI4 Communicate data,"Natural Sciences – SCI4 Communicate data – Students clearly communicate scientific findings using a variety of formats (words, graphs, tables, statistical inferences, formulae, etc.) as appropriate. ",NSCI4,highest,,FerrisNSCI,active,3,4,Advanced: Students are able to interpret and use scientific information in graphical representations. They are also able to encode scientific information using appropriate graphical representations.,3,Proficient: Students are able to recognize scientific information in graphical representations. They are also able to encode some scientific information using graphical representations.,2,"Progressing: Students are able to recognize scientific information in graphical representations. Or, they are able to encode some scientific information using graphical representations.",1,Beginning: Students are unable to interpret and use scientific information in graphical representations. They are also unable to encode scientific information using appropriate graphical representations.,0,Unsatisfactory: Students do not interpret and use scientific information in graphical representations. They are also unable to encode scientific information using appropriate graphical representations.
FerrisPROB1,outcome,PRB1 Framing questions,Problem Solving – PRB1 Framing questions – Students will formulate creative and informed questions in order to investigate problems and develop solutions. ,PROB1,highest,,FerrisPROB,active,3,4,Advanced: Formulates clear and insightful questions that are informed and innovative,3,Proficient: Formulates clear and competent questions that are informed and creative,2,Progressing: Formulates vague questions that are somewhat informed and creative,1,Beginning: Formulates incomplete questions that are uninformed and uncreative,0,Unsatisfactory: No attempt made to formulate questions to investigate a problem.
FerrisPROB2,outcome,PRB2 Gathering evidence,Problem Solving – PRB2 Gathering evidence – Students will gather and analyze credible evidence in order to determine its validity for application to a problem. ,PROB2,highest,,FerrisPROB,active,3,4,Advanced: Evidence is gathered and comprehensively evaluated to determine its application to a problem,3,Proficient: Evidence is gathered and competently evaluated to determine its application to a problem,2,"Progressing: Evidence is gathered, but not enough to competently evaluate its application to a problem",1,"Beginning: Evidence is gathered, but lacks sufficient quality or evaluation of its application to a problem",0,Unsatisfactory: No evidence is gathered or there is no attempt to evaluate its application to a problem
FerrisPROB3,outcome,PRB3 Using technology,Problem Solving – PRB3 Using technology – Students will use technology in order to document processes and communicate findings.  ,PROB3,highest,,FerrisPROB,active,3,4,Advanced: Fully identifies and competently uses innovative technological tools/features in documenting processes and communicating findings.,3,Proficient: Identifies and competently uses an appropriate amount of appropriate technological tools/features in documenting processes and communicating findings.,2,Progressing: Identifies and uses some appropriate technological tools/features in basic ways to document processes and communicate findings.,1,Beginning: Identifies and uses technological tools/features in improper and/or insufficient ways to document processes and communicate findings.,0,Unsatisfactory: No attempt to identify or use technological tools/features to document processes and communicate findings.
FerrisPROB4,outcome,PRB4 Critical thinking,"Problem Solving – PRB4 Critical thinking – Students will demonstrate critical thinking in order to identify, interpret, and resolve problems. ",PROB4,highest,,FerrisPROB,active,3,4,"Advanced: Clearly identifies a problem through extensive examination and deliberation, carefully interprets evidence for different viewpoints, and thoroughly articulates a resolution based on evidence",3,"Proficient: Clearly identifies a problem through examination and deliberation, interprets evidence for different viewpoints, and articulates a resolution based on evidence",2,"Progressing: Clearly identifies a problem, but has difficulty in examining the issue. Differentiates verifiable truth and speculation. Presents a resolution, but loosely based on evidence",1,"Beginning: Identifies a problem, but has difficulty in stating it clearly, considers little evidence for different viewpoints, presents a relatively simple means of resolving the problem",0,Unsatisfactory: No attempt to identify a problem
FerrisQNT1,outcome,QNT1 Express information,Quantitative Literacy – QNT1 Express information – Students express information in multiple mathematical forms.  ,QNT1,highest,,FerrisQNT,active,3,4,"Advanced: Students express information symbolically, graphically, numerically, and verbally, and transition easily from one form to another.",3,Proficient: Students express information in three of the four forms listed in the Level 4 description and transition easily among those forms.,2,Progressing: Students express information in two of the four forms listed in the Level 4 description and transition easily between those forms.,1,Beginning: Students express information in one of the four forms,0,Unsatisfactory: Students are unable to express information in any of the four forms listed in the Level 4 description.
FerrisQNT2,outcome,QNT2 Analyze information,Quantitative Literacy – QNT2 Analyze information – Students analyze information presented in multiple mathematical forms.  ,QNT2,highest,,FerrisQNT,active,3,4,"Advanced: Students examine the structure of information presented symbolically, graphically, numerically, and verbally, and explain the concepts methodically and in detail.",3,Proficient: Students examine the structure of information in three of the four forms listed in the Level 4 description and explain the concepts methodically and in detail.,2,Progressing: Students examine the structure of information in two of the four forms listed in the Level 4 description and explain the concepts methodically and in detail.,1,Beginning: of the four forms listed in the Level 4 description and,0,Unsatisfactory: Students are unable to examine the structure of information in the four forms listed in the Level 4 description and cannot explain the concepts methodically or in detail.
FerrisQNT3,outcome,QNT3 Apply approaches,"Quantitative Literacy – QNT3 Apply approaches – Students apply quantitative approaches to solve problems and draw plausible conclusions. Examples of quantitative approaches include: modeling with a function or equation, using a formula, following the steps of a procedure, performing calculations, using trial and error, estimating,",QNT3,highest,,FerrisQNT,active,3,4,Advanced: Students apply three or more quantitative approaches to solve problems and construct compelling arguments for their conclusions.,3,Proficient: Students apply at least two different quantitative approaches to solve problems and construct strong arguments for their conclusions.,2,Progressing: Students apply at least two different quantitative approaches to solve problems but construct only weak arguments for their conclusions.,1,Beginning: Students apply at least one quantitative approach to  their conclusions.,0,Unsatisfactory: Students are unable to apply even one quantitative approach to solve problems.
FerrisQNT4,outcome,QNT4 Evaluate approaches,"Quantitative Literacy – QNT4 Evaluate approaches – Students evaluate approaches to estimation, modeling, and analysis of data, including assumptions, practical consequences, and limitations. ",QNT4,highest,,FerrisQNT,active,3,4,"Advanced: Students review approaches to problem solving, judge the quality of the arguments that support conclusions, and identify the use of at least four different quantitative approaches.",3,"Proficient: Students review approaches to problem solving, judge the quality of the arguments that support conclusions, and identify the use of at least three different quantitative approaches.",2,"Progressing: Students review approaches to problem solving, judge the quality of the arguments that support conclusions, and identify the use of at least two different quantitative approaches.",1,"Beginning: Students review approaches to problem solving, judge the quality of the arguments that support conclusions, and identify the use of at least one quantitative approach.",0,Unsatisfactory: Students review approaches to problem solving but are unable to judge the quality of the arguments that support conclusions or identify the use of even one quantitative approach.
FerrisSSOC1,outcome,SOC1 Self,"Self and Society – SOC1 Self – Students using social science theory and methods will be able to describe conceptions of self, others and social systems. ",SSOC1,highest,,FerrisSSOC,active,3,4,Advanced: ,3,Proficient: ,2,Progressing: ,1,Beginning: ,0,Unsatisfactory: 
FerrisSSOC2,outcome,SOC2 Society,"Self and Society – SOC2 Society – Students using social science theory and methods will be able to evaluate human interactions within relationships, social groups, organizations, communities, and institutions. ",SSOC2,highest,,FerrisSSOC,active,3,4,Advanced: ,3,Proficient: ,2,Progressing: ,1,Beginning: ,0,Unsatisfactory: 
FerrisSSOC3,outcome,SOC3 Social Control and Agency of Individuals,"Self and Society – SOC3 Social Control and Agency of Individuals – Students using social science theory and methods will be able to critically analyze the bidirectional effects of various social contexts on the behavior of individuals, and the effect that individuals have on society.",SSOC3,highest,,FerrisSSOC,active,3,4,Advanced: ,3,Proficient: ,2,Progressing: ,1,Beginning: ,0,Unsatisfactory: 
FerrisSSOC4,outcome,SOC4 Social Science Theory and Methodology,"Self and Society – SOC4 Social Science Theory and Methodology – Students will be able to apply social science theory, methods, and ethics to better understand individuals and society and their interconnections. ",SSOC4,highest,,FerrisSSOC,active,3,4,Advanced: ,3,Proficient: ,2,Progressing: ,1,Beginning: ,0,Unsatisfactory: 
